;MF;UF;RO
NH4+;19.99883;28.31635;85.74109
K+;14.32361;27.26206;96.5812
PO43-;22.37288;60.55313;100.0
